"Cause","Effect","F","pvalue"
"unemp_ts","PD_ts",1.8567699803519,0.141272227330866
"hicp_ts","PD_ts",2.09866055944135,0.104655574664281
"yield_ts","PD_ts",0.718539513576492,0.543019620335759
"spread_ts","PD_ts",0.30211060489642,0.823808352081567
"gdp_ts","PD_ts",0.581649523699559,0.628303914791752
