r.squared,adj.r.squared,statistic,p.value,deviance,df.residual,nobs
0.004070034034386336,-0.0054542748037089694,9.543729451988142,1.7004858259602408e-10,0.5860789358174965,14012,14147
