r.squared,adj.r.squared,statistic,p.value,deviance,df.residual,nobs
0.17008361761362292,0.16082672102758866,79.61944943524374,8.562296800468111e-91,0.021565424644409747,2331,2358
