term,estimate,std.error,statistic,p.value
z_unemp,5.324175391453545e-4,5.720733297817266e-4,0.9306805813661988,0.3520348513143574
z_infl,-4.948314236243833e-4,2.784610512468595e-4,-1.7770220338129392,0.07558630316890569
z_yield,-0.001344041636569688,8.829147547888505e-4,-1.5222779201273131,0.12796202413462895
z_spread,4.1225265903533227e-4,6.140968144484667e-4,0.6713154169438007,0.5020306817990312
z_gdp,-5.442113922891612e-4,0.003693857008054334,-0.14732876532646663,0.8828746484711036
z_gpr,-6.207423272756367e-4,1.8798431751671982e-4,-3.302096342267627,9.620523081938692e-4
