r.squared,adj.r.squared,statistic,p.value,deviance,df.residual,nobs
0.004055517012071236,-0.005468930655669446,9.509550204823139,1.8703755454203455e-10,0.5860874787083458,14012,14147
