r.squared,adj.r.squared,statistic,p.value,deviance,df.residual,nobs
0.004055525799226212,-0.005468921784480774,9.509570893223053,1.8702677546532756e-10,0.5860874735373328,14012,14147
