Cluster,n,PD_mean,unemp,hicp,yield,spread,gdp,gpr
High risk,5924,0.01630832449683339,299.12129235484423,2.5768773512875667,2.301635505159587,149.00662945855785,146551.31706701597,0.7842577332106148
Low risk,24793,0.0063080188712109405,355.3421467693448,2.405157325994522,1.392528206521739,78.14422064393939,159717.76435702902,0.29884901743066483
